group	time_seconds_avg	time_second_sd	mem_mb_avg	mem_mb_sd
50	1.728	0.6560375470641103	78.4806640625	0.18262436109432667
100	1.904	0.5456951144134762	78.553515625	0.17457370319567223
200	1.534	0.4844791017164724	78.4955078125	0.20876483334348578
500	1.9635	0.6605681366504856	78.48359375	0.20806863667018505
1000	2.023	0.6935879255914968	78.577734375	0.15680360397638682
2000	1.7115	0.463411548364836	78.774609375	0.18246433121266434
5000	1.816	0.48810482049399356	79.5810546875	0.22669317281435128
10000	1.979	0.4968945668110246	81.0720703125	0.13840579782660448
20000	2.153	0.4553321517541372	82.6177734375	0.1457693624133703
