group	time_seconds_avg	time_second_sd	mem_mb_avg	mem_mb_sd
50	2.009	0.6727782148046928	78.5123046875	0.17435816034604104
100	1.7125	0.511467187814161	78.522265625	0.20025449923386143
200	1.7975	0.5749313460158343	78.6486328125	0.14800661904088497
500	2.407	0.4756502474452598	79.5283203125	0.19703954769220614
1000	5.0175	0.9675409688048302	80.3978515625	0.4700131606494615
2000	17.589	3.2544672132478554	82.7236328125	0.17237365518533604
5000	138.4495	19.55292183711736	90.354296875	0.14201218678159325
10000	553.9375	37.037162400543195	103.4783203125	0.19450274161614417
20000	1480.473	53.35630669574617	129.702734375	0.16475076886276346
