group	time_seconds_avg	time_second_sd	mem_mb_avg	mem_mb_sd
100	1.673	0.26625176055755956	79.016796875	0.1646201048386882
200	1.875	0.4025267416927449	79.124609375	0.20374546329411614
500	1.813	0.3746123922729258	79.108203125	0.19746255812130314
1000	1.727	0.2518398962303895	79.409375	0.18379034243930864
2000	2.2279999999999998	0.4244682948505499	80.074609375	0.14144784820155695
5000	2.906	0.3359298868646387	81.85390625	0.2816848971695195
10000	3.698	0.27140785217495494	85.68828125	0.19754625425313546
20000	5.665	0.4498456525421928	92.68828125	0.16733468015414996
