group	time_seconds_avg	time_second_sd	mem_mb_avg	mem_mb_sd
100	1.874	0.3533081752049713	78.6875	0.23795728774284378
200	1.795	0.30678439769106036	78.94765625	0.17353600806100733
500	2.426	0.21747030448622942	79.604296875	0.14637930259385917
1000	4.827	0.3832623122614588	80.7109375	0.37043298262716234
2000	14.183	0.6707880937126616	82.9390625	0.15142507013807008
5000	87.005	1.961276511753393	90.545703125	0.213629380486466
10000	289.549	4.930319912991902	103.487890625	0.1863157952914535
20000	1040.665	23.552318239282606	129.801171875	0.2512275229416955
